1,Black Arch Coach Jacket,men,jackets-coats,"https://res-1.cloudinary.com/ssenseweb/image/upload/b_white,c_lpad,g_center,h_960,w_960/c_scale,h_680/f_auto,dpr_1.0/182111M180017_1.jpg",Long sleeve padded sherpa fleece jacket in black. Spread collar. Press-stud closure at front. Logo embroidered in white at chest. Welt pockets at waist. Tonal drawstring at front hem.
2,Black Tailored Coat,men,jackets-coats,"https://res-4.cloudinary.com/ssenseweb/image/upload/b_white,c_lpad,g_center,h_960,w_960/c_scale,h_680/f_auto,dpr_1.0/182976M176002_1.jpg",Long sleeve woven cotton-blend coat in black. Press-stud fastening at notched lapel collar. Concealed button closure at front. Welt pockets at waist. Storm flap with press-stud fastening at back.
3,Black Oversized Flight Jacket,men,jackets-coats,"https://res-5.cloudinary.com/ssenseweb/image/upload/b_white,c_lpad,g_center,h_960,w_960/c_scale,h_680/f_auto,dpr_1.0/182976M180003_1.jpg",Long sleeve cotton-blend twill jacket in black. Spread collar. Zip closure at front. Zippered pockets at chest. Partially-concealed cinch belt at hem. Dropped shoulders. Zippered vent at cuffs.
4,Grey Wool Tailored Coat,men,jackets-coats,"https://res-5.cloudinary.com/ssenseweb/image/upload/b_white,c_lpad,g_center,h_960,w_960/c_scale,h_680/f_auto,dpr_1.0/182976M176003_1.jpg",Long sleeve woven wool coat in grey. Raw edge throughout. Notched lapel collar. Button closure and raised seams at front. Flap pocket at chest.
5,Grey Hardy Coat,men,jackets-coats,"https://res-2.cloudinary.com/ssenseweb/image/upload/b_white,c_lpad,g_center,h_960,w_960/c_scale,h_680/f_auto,dpr_1.0/182600M180006_1.jpg","Long sleeve virgin wool coat striped in tones of grey, black, brown, and off-white. Calfskin trim in black throughout. Detachable throat tab at spread collar. Double-breasted button closure at front."
6,Red Down Montvernier Jacket,men,jackets-coats,"https://res-2.cloudinary.com/ssenseweb/image/upload/b_white,c_lpad,g_center,h_960,w_960/c_scale,h_680/f_auto,dpr_1.0/182111M180004_1.jpg",Long sleeve down-filled quilted nylon jacket in red. Bungee-style drawstring at hood and hem. Two-way zip closure at front. Welt pockets at waist. Logo patch at upper sleeve.
7,Black Down Belloy Jacket,men,jackets-coats,"https://res-4.cloudinary.com/ssenseweb/image/upload/b_white,c_lpad,g_center,h_960,w_960/c_scale,h_680/f_auto,dpr_1.0/182111M180001_1.jpg",Long sleeve down-filled stretch nylon jacket in black. Tonal bonded trim throughout. Two-way zip closure at front. Zippered pockets at waist. Rubberized logo patch at upper sleeve.
8,Black Leather Lanster Jacket,men,jackets-coats,"https://res-3.cloudinary.com/ssenseweb/image/upload/b_white,c_lpad,g_center,h_960,w_960/c_scale,h_680/f_auto,dpr_1.0/182084M181014_1.jpg",Long sleeve insulated grained buffalo leather jacket in black. Notched lapel collar. Zip closure at front. Zippered pockets at waist. Zippered vents at cuffs. Panelled construction at sleeves.
9,Blue Denim Jacket,men,jackets-coats,"https://res-3.cloudinary.com/ssenseweb/image/upload/b_white,c_lpad,g_center,h_960,w_960/c_scale,h_680/f_auto,dpr_1.0/182060M177006_1.jpg",Long sleeve denim jacket in blue. Fading and subtle distressing throughout. Spread collar. Button closure at front. Flap pocket at chest. Adjustable cinch-strap at back hem.
10,Black Leather Vintage Lost Boys Biker Jacket,men,jackets-coats,"https://res-4.cloudinary.com/ssenseweb/image/upload/b_white,c_lpad,g_center,h_960,w_960/c_scale,h_680/f_auto,dpr_1.0/182886M181001_1.jpg",Long sleeve leather jacket in black. Multicolor graphic appliqué and hardware appliqué throughout. Fading throughout. Press-stud fastening at notched lapel collar. Two-way zip closure at front.
11,Off-White Blå Konst Denim Unreal Jacket,men,jackets-coats,"https://res-3.cloudinary.com/ssenseweb/image/upload/b_white,c_lpad,g_center,h_960,w_960/c_scale,h_680/f_auto,dpr_1.0/181129M177010_1.jpg",Long sleeve denim jacket in 'ecru' off-white. Spread collar. Button closure at front featuring key ring hardware. Patch pocket at waist. Brass-tone hardware. Contrast stitching in tan.
12,Indigo Blå Konst Denim Stealh Gum Jacket,men,jackets-coats,"https://res-4.cloudinary.com/ssenseweb/image/upload/b_white,c_lpad,g_center,h_960,w_960/c_scale,h_680/f_auto,dpr_1.0/181129M177011_1.jpg",Long sleeve denim jacket in indigo featuring multicolor hand-applied 'gum splatters' throughout. Spread collar. Button closure at front. Patch pockets at waist. Vented side-seams. Dropped shoulders.
13,Green Blå Konst Stealh Over Jacket,men,jackets-coats,"https://res-5.cloudinary.com/ssenseweb/image/upload/b_white,c_lpad,g_center,h_960,w_960/c_scale,h_680/f_auto,dpr_1.0/181129M180018_1.jpg",Long sleeve denim jacket in 'bottle' green. Spread collar. Button closure at front. Patch pockets at waist. Vented side-seams. Dropped shoulders. Tonal stitching.
14,Indigo Blå Konst Denim Pepper Jacket,men,jackets-coats,"https://res-1.cloudinary.com/ssenseweb/image/upload/b_white,c_lpad,g_center,h_960,w_960/c_scale,h_680/f_auto,dpr_1.0/181129M177009_1.jpg",Long sleeve denim jacket in indigo. Spread collar. Button closure at front. Flap pockets at chest. Welt pockets featuring signature pink bar tacks at waist. Adjustable button-tabs at back hem.
15,Black Blå Konst Segal Jacket,men,jackets-coats,"https://res-3.cloudinary.com/ssenseweb/image/upload/b_white,c_lpad,g_center,h_960,w_960/c_scale,h_680/f_auto,dpr_1.0/181129M180020_1.jpg",Long sleeve cotton twill jacket in black. Fading throughout. Spread collar. Button closure at front. Patch pocket with eyelets at waist. Self-tie fastening at cuffs.
16,Blue Blå Konst Denim Oversized Jacket,men,jackets-coats,"https://res-4.cloudinary.com/ssenseweb/image/upload/b_white,c_lpad,g_center,h_960,w_960/c_scale,h_680/f_auto,dpr_1.0/182129M177001_1.jpg",Long sleeve denim jacket in 'light' blue. Fading throughout. Spread collar. Button closure at front. Flap pockets at chest. Welt pockets featuring signature pink bar tacks at waist.
17,Brown Blå Konst Corduroy Tent Jacket,men,jackets-coats,"https://res-1.cloudinary.com/ssenseweb/image/upload/b_white,c_lpad,g_center,h_960,w_960/c_scale,h_680/f_auto,dpr_1.0/182129M180004_1.jpg",Long sleeve corduroy jacket in 'chocolate' brown. Spread collar. Button closure at front. Flap pockets at chest. Welt pockets at waist. Single-button barrel cuffs. Adjustable cinch tab at back hem.
18,Grey Down Puffa Coat,men,jackets-coats,"https://res-2.cloudinary.com/ssenseweb/image/upload/b_white,c_lpad,g_center,h_960,w_960/c_scale,h_680/f_auto,dpr_1.0/182891M178002_1.jpg",Long sleeve down-filled nylon jacket in 'light' grey. Stand collar. Zip closure in black with extended trim at front. Logo printed in black at chest and cuffs.
19,Black Down Puffa Coat,men,jackets-coats,"https://res-3.cloudinary.com/ssenseweb/image/upload/b_white,c_lpad,g_center,h_960,w_960/c_scale,h_680/f_auto,dpr_1.0/182891M178003_1.jpg",Long sleeve down-filled nylon jacket in black. Stand collar. Zip closure with extended trim at front. Logo printed in white at chest and cuffs. Bungee-style drawstring at cuffs and hem. Tonal lining.
20,Indigo Shayne Oliver Edition Denim Blazer Coat,men,jackets-coats,"https://res-1.cloudinary.com/ssenseweb/image/upload/b_white,c_lpad,g_center,h_960,w_960/c_scale,h_680/f_auto,dpr_1.0/182140M176001_1.jpg",Long sleeve denim coat in indigo. Drawstring at hood. Notched lapel collar and inset spread collar featuring detachable tie. Button closure and partially-concealed zip closure at front.
21,Indigo Shayne Oliver Edition Denim Turbo Jacket,men,jackets-coats,"https://res-2.cloudinary.com/ssenseweb/image/upload/b_white,c_lpad,g_center,h_960,w_960/c_scale,h_680/f_auto,dpr_1.0/182140M177001_1.jpg",Long sleeve partially-insulated denim jacket in indigo. Convertible spread collar featuring cut-out detailing at back. Button closure and flap pockets at front and back.
22,Black 'Stolen' Bomber Jacket,men,jackets-coats,"https://res-4.cloudinary.com/ssenseweb/image/upload/b_white,c_lpad,g_center,h_960,w_960/c_scale,h_680/f_auto,dpr_1.0/182068M175001_1.jpg","Long sleeve insulated technical twill bomber jacket in black. Rib knit crewneck collar, cuffs, and hem. Zip closure at front. Welt pockets at waist."
23,Indigo Denim Quilted Jacket,men,jackets-coats,"https://res-5.cloudinary.com/ssenseweb/image/upload/b_white,c_lpad,g_center,h_960,w_960/c_scale,h_680/f_auto,dpr_1.0/182736M192001_1.jpg",Long sleeve denim shirt-style jacket in indigo. Topstitching in tan throughout. Spread collar. Press-stud closure at front. Patch pocket at chest. Two-button barrel cuffs. Unlined. Tonal stitching.
24,Brown Coltron Coat,men,jackets-coats,"https://res-2.cloudinary.com/ssenseweb/image/upload/b_white,c_lpad,g_center,h_960,w_960/c_scale,h_680/f_auto,dpr_1.0/182115M176005_1.jpg",Long sleeve wool and cashmere-blend coat in 'dark honey' brown. Peaked lapel collar. Double-breasted button closure at front. Flap pockets at waist. Four-button surgeon's cuffs. Vent at back.
25,Grey Wool &amp; Cashmere Cempsey Coat,men,jackets-coats,"https://res-1.cloudinary.com/ssenseweb/image/upload/b_white,c_lpad,g_center,h_960,w_960/c_scale,h_680/f_auto,dpr_1.0/182115M176009_1.jpg",Long sleeve wool and cashmere-blend coat in 'dark mélange' grey. Notched lapel collar. Button closure at front. Welt pocket at chest. Welt pockets at waist. Four-button surgeon's cuffs.
26,Navy Cemper Coat,men,jackets-coats,"https://res-5.cloudinary.com/ssenseweb/image/upload/b_white,c_lpad,g_center,h_960,w_960/c_scale,h_680/f_auto,dpr_1.0/182115M176008_1.jpg",Long sleeve layered wool-blend coat in 'light ink' navy. Notched lapel collar. Button closure at front. Welt pockets at waist. Four-button surgeon's cuffs. Vent at back.
27,Blue Denim Ry Zip Jacket,men,jackets-coats,"https://res-5.cloudinary.com/ssenseweb/image/upload/b_white,c_lpad,g_center,h_960,w_960/c_scale,h_680/f_auto,dpr_1.0/182868M180003_1.jpg",Long sleeve 13 oz. denim jacket in 'royal' blue. Spread collar. Two-way zip closure at front. Flap pocket at chest. Single-button barrel cuffs. Adjustable cinch tabs at back hem.
28,Blue Noley Jacket,men,jackets-coats,"https://res-4.cloudinary.com/ssenseweb/image/upload/b_white,c_lpad,g_center,h_960,w_960/c_scale,h_680/f_auto,dpr_1.0/182868M180002_1.jpg",Long sleeve insulated quilted technical satin jacket in marine blue. Stand collar. Concealed zip closure and press-stud closure at front. Zippered pockets at waist. Inset rib knit cuffs.
29,Pink Oversized Corduroy Jacket,men,jackets-coats,"https://res-1.cloudinary.com/ssenseweb/image/upload/b_white,c_lpad,g_center,h_960,w_960/c_scale,h_680/f_auto,dpr_1.0/182527M180002_1.jpg",Long sleeve cotton corduroy jacket in 'blush' pink. Spread collar featuring off-white sherpa trim. Button closure at front. Flap pockets at chest. Welt pockets at waist. Single-button barrel cuffs.
30,Green Camo Trench Coat,men,jackets-coats,"https://res-2.cloudinary.com/ssenseweb/image/upload/b_white,c_lpad,g_center,h_960,w_960/c_scale,h_680/f_auto,dpr_1.0/182669M184002_1.jpg","Long sleeve cotton twill trench coat featuring camouflage pattern in tones of green, black, and brown. Spread collar. Button closure at front. Welt pockets at waist. Buttoned tab at cuffs."
31,Reversible Navy Scarf Coat,men,jackets-coats,"https://res-4.cloudinary.com/ssenseweb/image/upload/b_white,c_lpad,g_center,h_960,w_960/c_scale,h_680/f_auto,dpr_1.0/182669M176003_1.jpg","Reversible long sleeve wool coat in navy. Spread collar featuring check pattern in navy, green, and black. Button closure at front. Flap pockets with concealed cut-out detailing at waist."
32,Blue Levi's Edition Denim Oversized Tribal Jacket,men,jackets-coats,"https://res-3.cloudinary.com/ssenseweb/image/upload/b_white,c_lpad,g_center,h_960,w_960/c_scale,h_680/f_auto,dpr_1.0/182669M177001_1.jpg",Long sleeve denim jacket in blue. Graphics printed in black and raw edges throughout. Panelled construction. Spread collar. Button closure at front.
33,Black &amp; Navy Oversized Inside Out Coat,men,jackets-coats,"https://res-3.cloudinary.com/ssenseweb/image/upload/b_white,c_lpad,g_center,h_960,w_960/c_scale,h_680/f_auto,dpr_1.0/182669M176002_1.jpg",Long sleeve woven viscose coat in black featuring tonal logo pattern printed throughout. Wool-blend trim in navy throughout. Peaked lapel collar. Button closure at front.
34,Navy Step Front Vest,men,jackets-coats,"https://res-5.cloudinary.com/ssenseweb/image/upload/b_white,c_lpad,g_center,h_960,w_960/c_scale,h_680/f_auto,dpr_1.0/182891M185002_1.jpg",Sleeveless nylon vest in navy. Bungee-style drawstring at hood. Stand collar. Zip closure with offset logo-engraved press-release fastening at front. Flap pockets and zippered pockets at waist.
35,Blue Quilted Coat,men,jackets-coats,"https://res-2.cloudinary.com/ssenseweb/image/upload/b_white,c_lpad,g_center,h_960,w_960/c_scale,h_680/f_auto,dpr_1.0/182736M176001_1.jpg",Long sleeve quilted technical satin coat in blue. Spread collar. Press-stud closure at front. Welt pockets at chest. Zippered pockets at waist. Adjustable press-stud fastening at cuffs.
